image_path,dataset,scene,rotation_matrix,translation_vector
train/imc2023_theather_imc2024_church/church_00004.png,train,imc2023_theather_imc2024_church,-0.989010670781086;0.030575243064833318;-0.1446480127505136;0.0;-0.9783817043400427;-0.20680725473898;-0.1478441513254629;-0.20453458173179354;0.9676299456892877,0.7912475617115858;2.373246194745591;-57.574522798544116
train/imc2023_theather_imc2024_church/church_00005.png,train,imc2023_theather_imc2024_church,0.9874445507660152;0.13183530075640643;-0.08702133437824273;0.0;-0.5508864621471178;-0.8345801973585476;-0.15796600635105662;0.8241016680589234;-0.5439698351379403,8.530720571079483;-38.10214075713619;22.523471702162823
train/imc2023_theather_imc2024_church/church_00006.png,train,imc2023_theather_imc2024_church,0.9131111074594751;-0.305438200146585;-0.27006593884706287;0.0;-0.6623958245356334;0.7491540373232719;-0.40771081103415796;-0.6840608726779898;-0.6048409849182643,18.469293161225426;41.54456787642313;7.118290269319627
train/imc2023_theather_imc2024_church/church_00012.png,train,imc2023_theather_imc2024_church,-0.9610141566096713;-0.011187867001974773;0.2762727319656218;0.0;-0.9991810548794354;-0.040462569987815555;0.27649916961141524;-0.03888510257110036;0.9602271387553223,-2.7959829467623187;1.0532848443390463;-57.416753165276965
train/imc2023_theather_imc2024_church/church_00013.png,train,imc2023_theather_imc2024_church,0.8649403905588581;-0.4038296143124023;0.29799289149942226;0.0;-0.5937596514405611;-0.8046424524726392;0.5018746066298733;0.6959677571019219;-0.5135667048150904,-23.013056331060596;-37.183939712205635;11.231500073103224
train/imc2023_theather_imc2024_church/church_00014.png,train,imc2023_theather_imc2024_church,0.9543183031428285;-0.22916036138039628;-0.1917344649733031;0.0;-0.6416990885844436;0.7669565044446096;-0.29879186114516676;-0.7319206299059351;-0.6123851853462057,14.269701848656426;42.001376003052684;11.87552545829112
train/imc2023_theather_imc2024_church/church_00016.png,train,imc2023_theather_imc2024_church,-0.9010215595278513;0.15874700400896177;0.4036824717326446;0.0;-0.9306278988319348;0.36596682078524334;0.4337743068301749;0.3297439955993696;0.8385158007456772,-5.569253869636304;-0.592202895931687;-56.569781223161705
train/imc2023_theather_imc2024_church/church_00017.png,train,imc2023_theather_imc2024_church,0.8613471268464814;0.2641556470641714;-0.43393884499710367;0.0;-0.8541819802885812;-0.5199741768110008;-0.5080168570759355;0.4478782632305198;-0.7357471945256072,13.360088310527518;-36.123692267028716;-20.862533257459024
train/imc2023_theather_imc2024_church/church_00018.png,train,imc2023_theather_imc2024_church,-0.9496554599988327;-0.014811754070799623;0.312945872693269;0.0;-0.9988818099540585;-0.04727715878629301;0.31329619738261366;-0.04489701197463494;0.9485935647163878,-3.095297775011508;1.0692969932178265;-57.29623239276481
train/imc2023_theather_imc2024_church/church_00019.png,train,imc2023_theather_imc2024_church,0.9956853566031404;0.012758259351141115;-0.09191244455679552;0.0;-0.9905030747040189;-0.13749057786584848;-0.09279369938781937;0.13689735505192918;-0.9862294071531782,1.4151618152224572;-11.583499881164757;-39.87000134455724
train/imc2023_theather_imc2024_church/church_00020.png,train,imc2023_theather_imc2024_church,-0.32077091058338575;0.19840778873471995;-0.9261427386169501;0.0;-0.9778135243695747;-0.2094772339896418;-0.9471568101024801;-0.06719420309334637;0.31365413459277813,9.026495596514728;-4.40879926897246;-52.22192171330293
train/imc2023_theather_imc2024_church/church_00021.png,train,imc2023_theather_imc2024_church,0.8759438966441782;0.21601151336296198;-0.4313482537653956;0.0;-0.894147266920336;-0.44777300617488447;-0.4824129869021078;0.39222403184090593;-0.7832228411599412,10.645015686198425;-32.92676875631172;-26.228590947290105
train/imc2023_theather_imc2024_church/church_00022.png,train,imc2023_theather_imc2024_church,0.8366723360747346;0.24206076250903488;-0.49131048157025015;0.0;-0.8970369073841848;-0.4419556389397217;-0.5477037539101284;0.3697720568730989;-0.7505259648463811,11.72179791779694;-31.832723128534063;-27.661024734024032
train/imc2023_theather_imc2024_church/church_00023.png,train,imc2023_theather_imc2024_church,0.9196925997151914;-0.29163811007036544;-0.26289301014613947;0.0;-0.6695536936772124;0.742763657756087;-0.3926391753622055;-0.6831142393756603;-0.6157835771869045,17.629537719298124;41.86856070404223;6.642003205372922
train/imc2023_theather_imc2024_church/church_00025.png,train,imc2023_theather_imc2024_church,-0.8769819148503257;0.19349900239391135;-0.4398418546455272;0.0;-0.9153391297131653;-0.40268384325168183;-0.4805233823920081;-0.35314644793414834;0.8027358627132825,5.239446945330834;1.7917110884054042;-56.17718363494926
train/imc2023_theather_imc2024_church/church_00026.png,train,imc2023_theather_imc2024_church,0.26921742801374265;0.16965130518476304;-0.9480192039736177;0.0;-0.98436243220804;-0.1761550511835298;-0.9630794237515747;0.04742400981125909;-0.26500752223240065,9.494287308484555;-8.700996850594095;-46.826941317563275
train/imc2023_theather_imc2024_church/church_00028.png,train,imc2023_theather_imc2024_church,0.9997373864061685;0.0004417435519802593;0.022912072896127067;0.0;-0.9998141936199445;0.01927636470136271;0.022916330896615118;-0.01927130246595248;-0.9995516288213944,0.35137044256967914;2.555883386043983;-41.406831076983195
train/imc2023_theather_imc2024_church/church_00035.png,train,imc2023_theather_imc2024_church,0.9990695323625556;0.027108306715316277;0.03354413826427761;0.0;-0.777771550066821;0.6285470673757494;0.04312852310089733;-0.6279622246709456;-0.7770478588101587,-0.9740393098465933;44.01679973978653;-3.5441959554121976
train/imc2023_theather_imc2024_church/church_00038.png,train,imc2023_theather_imc2024_church,-0.923295970063336;0.11145868471812198;-0.3675615775155367;0.0;-0.95696918851598;-0.29018954535108077;-0.3840892496084779;-0.26793083777716453;0.883565795231585,3.3174928797524306;2.0941631712614717;-56.94123058399797
train/imc2023_theather_imc2024_church/church_00039.png,train,imc2023_theather_imc2024_church,0.9987776855907093;0.01492116894348144;-0.04712211246778139;0.0;-0.953347077525702;-0.30187638160876884;-0.04942807669802815;0.3015073937577039;-0.9521817876557872,1.249152320595474;-25.341008934185663;-33.08243103006602
train/imc2023_theather_imc2024_church/church_00040.png,train,imc2023_theather_imc2024_church,0.9919195267884253;0.08660363889649196;0.09271171504029183;0.0;-0.730769348724743;0.6826244640828624;0.12686864220849156;-0.6771085353872753;-0.7248643865785329,-4.463811566419205;44.347985041228526;2.848161949212688
train/imc2023_theather_imc2024_church/church_00041.png,train,imc2023_theather_imc2024_church,0.7683540650409695;-0.2829730523183814;-0.5740716700871382;0.0;-0.8969519143604674;0.44212810736831976;-0.640025023522532;-0.3397109285653187;-0.6891766495451447,13.842004348078587;31.929563144004252;-28.8031188894756
train/imc2023_theather_imc2024_church/church_00043.png,train,imc2023_theather_imc2024_church,0.9518432260552867;-0.2337738678237971;0.1983538548538097;0.0;-0.6469779602973124;-0.7625087008615241;0.30658518068012414;0.7257887417232587;-0.6158215889160631,-13.101221442521316;-41.06095562062543;10.287139424262536
train/imc2023_theather_imc2024_church/church_00045.png,train,imc2023_theather_imc2024_church,0.9359029994698015;-0.2409893652690432;-0.25692353222438075;0.0;-0.7293621707445685;0.6841277833027766;-0.3522578254395901;-0.6402772444136949;-0.6826122432996472,14.240426457402283;42.95888274699021;0.05244502295603132
train/imc2023_theather_imc2024_church/church_00046.png,train,imc2023_theather_imc2024_church,0.7962690296605847;-0.4023496102892475;-0.4517415450271114;0.0;-0.7467510037014917;0.6651037050496822;-0.6049426686913323;-0.5296014818435701;-0.5946146971154544,22.295606923864838;39.46055847915903;-8.658042836363501
train/imc2023_theather_imc2024_church/church_00047.png,train,imc2023_theather_imc2024_church,0.9279320676957412;0.30554296371896156;-0.21350778689251565;0.0;-0.5727918426511467;-0.8197008631155052;-0.3727493497538346;0.7606267168027544;-0.5315119189105321,18.667517563221423;-37.78232863508109;16.554306609704096
train/imc2023_theather_imc2024_church/church_00048.png,train,imc2023_theather_imc2024_church,0.6767201913829619;0.5456458974217665;0.49428770690904544;0.0;-0.6713673585052508;0.7411247330467943;0.7362403021939287;-0.5015340711860732;-0.4543278473359469,-29.696925084460872;35.8990037585512;-5.333499432705094
train/imc2023_theather_imc2024_church/church_00053.png,train,imc2023_theather_imc2024_church,0.7822488665429443;-0.13696517517916393;-0.6077230056369592;0.0;-0.9755314864402262;0.21985977113542718;-0.6229660591013596;-0.17198505676907908;-0.7631083995448208,7.607901849910681;17.96742486833679;-39.795670302754814
train/imc2023_theather_imc2024_church/church_00055.png,train,imc2023_theather_imc2024_church,0.8766610761135968;-0.34721949902385607;-0.33302248741635;0.0;-0.6921983498968027;0.7217073121426326;-0.48110846763214493;-0.6326927089020118;-0.606823350304587,20.411353719347897;41.205724393996526;1.668684136865014
train/imc2023_theather_imc2024_church/church_00063.png,train,imc2023_theather_imc2024_church,0.9218427479600978;0.0612132709396722;0.38269946889725587;0.0;-0.9874481356083842;0.15794359589272905;0.3875641211894819;-0.14559915846045257;-0.9102719027973084,-3.399745374804989;14.385273565571161;-39.590071610061884
train/imc2023_theather_imc2024_church/church_00069.png,train,imc2023_theather_imc2024_church,0.8523126692253677;-0.35222914970564717;-0.3866493760185911;0.0;-0.7392452529336514;0.6734363043488685;-0.5230326126332173;-0.5739782941128512;-0.6300680947400623,19.98279720975983;40.87678575584933;-5.2090226433739355
train/imc2023_theather_imc2024_church/church_00071.png,train,imc2023_theather_imc2024_church,0.9735997795562551;-0.06565568570893458;0.21861564487040042;0.0;-0.9577406429976558;-0.2876332052292239;0.22826184360950783;0.2800396252042315;-0.9324560788945838,-2.6051433625393567;-23.88673695013959;-34.114302851283334
train/imc2023_theather_imc2024_church/church_00073.png,train,imc2023_theather_imc2024_church,0.969418352754397;0.18820971563913078;0.15749654053974882;0.0;-0.6417584433409247;0.76690683945355;0.2454140528636272;-0.7434535650191413;-0.6221324130097854,-10.8132456567342;42.37248963874712;13.025302741399562
train/imc2023_theather_imc2024_church/church_00075.png,train,imc2023_theather_imc2024_church,0.9976239876216418;0.016484384596288638;-0.06689278276746864;0.0;-0.9709526279365271;-0.23927180005832704;-0.06889397159326864;0.23870328729959642;-0.9686456324737507,1.3693410362377891;-20.31867785389964;-36.277025714037045
train/imc2023_theather_imc2024_church/church_00078.png,train,imc2023_theather_imc2024_church,-0.9991606908428601;0.007154091672457283;-0.040332776333405686;0.0;-0.9846305022833569;-0.17465043364739755;-0.04096234703259144;-0.17450384793913884;0.9838040928863914,-0.18310611956146292;2.216969322839332;-57.67416065991369
train/imc2023_theather_imc2024_church/church_00079.png,train,imc2023_theather_imc2024_church,0.8216985700204428;-0.3353887233470937;-0.4607883074449329;0.0;-0.808510712345446;0.5884814593703519;-0.5699223280644121;-0.48355437364816145;-0.6643520961804626,17.915937909466745;38.87837664646599;-15.298595241804113
train/imc2023_theather_imc2024_church/church_00080.png,train,imc2023_theather_imc2024_church,0.7860846224022711;-0.3988634503786207;-0.4722064319497782;0.0;-0.7639411073892174;0.64528597105542;-0.6181188934361082;-0.5072493788985826;-0.6005223569396259,21.77510494001199;39.05700634986911;-11.148138663997285
train/imc2023_theather_imc2024_church/church_00082.png,train,imc2023_theather_imc2024_church,-0.930093806051445;0.019275379661517843;0.36681599158657374;0.0;-0.9986222161277329;0.052475417636598284;0.36732208202711825;0.04880706091376282;0.9288123378057718,-3.5638497210877764;0.5484855437819198;-57.17893704442721
train/imc2023_theather_imc2024_church/church_00083.png,train,imc2023_theather_imc2024_church,0.9762963940241547;0.06493402498068031;-0.20646772971881328;0.0;-0.9539353299920403;-0.3000123100690657;-0.21643786871855983;0.2929009364832854;-0.931323622803471,3.604797855389656;-24.8771393620867;-33.6464462047798
train/imc2023_theather_imc2024_church/church_00087.png,train,imc2023_theather_imc2024_church,0.8135688249745869;-0.3883595137389714;-0.43276166086877405;0.0;-0.7442562486669477;0.6678941804808624;-0.581468629445708;-0.5433778836211799;-0.6055036817079625,21.6767164603426;39.900239020039635;-7.588010051030923
